Sensor_ID,Latitude,Longitude,Methane_Concentration (ppm),Timestamp
S1,31.56687270059424,-102.75989707752852,2.1118528947223796,2025-02-10 00:00:00
S2,31.56975357153205,-102.75515045073918,1.639493860652042,2025-02-10 00:00:00
S3,31.568659969709056,-102.755837786796,1.7921446485352182,2025-02-10 00:00:00
S4,31.567993292420987,-102.75893830444662,1.8663618432936917,2025-02-10 00:00:00
S5,31.565780093202214,-102.75909087516396,1.956069984217036,2025-02-10 00:00:00
S6,31.565779972601682,-102.75908297745073,2.285175961393014,2025-02-10 00:00:00
S7,31.565290418060844,-102.75847878878521,1.6996737821583596,2025-02-10 00:00:00
S8,31.569330880728874,-102.75737621784184,2.0142344384136117,2025-02-10 00:00:00
S9,31.568005575058717,-102.75784027490678,2.0924145688620426,2025-02-10 00:00:00
S10,31.56854036288898,-102.758543854299,1.5464504127199978,2025-02-10 00:00:00
S1,31.56687270059424,-102.75989707752852,2.107544851901438,2025-02-10 00:30:00
S2,31.56975357153205,-102.75515045073918,1.6705241236872914,2025-02-10 00:30:00
S3,31.568659969709056,-102.755837786796,1.5650515929852795,2025-02-10 00:30:00
S4,31.567993292420987,-102.75893830444662,2.448885537253333,2025-02-10 00:30:00
S5,31.565780093202214,-102.75909087516396,2.4656320330745594,2025-02-10 00:30:00
S6,31.565779972601682,-102.75908297745073,2.3083973481164612,2025-02-10 00:30:00
S7,31.565290418060844,-102.75847878878521,1.8046137691733706,2025-02-10 00:30:00
S8,31.569330880728874,-102.75737621784184,1.5976721140063839,2025-02-10 00:30:00
S9,31.568005575058717,-102.75784027490678,2.184233026512157,2025-02-10 00:30:00
S10,31.56854036288898,-102.758543854299,1.9401524937396013,2025-02-10 00:30:00
S1,31.56687270059424,-102.75989707752852,1.6220382348447788,2025-02-10 01:00:00
S2,31.56975357153205,-102.75515045073918,1.9951769101112702,2025-02-10 01:00:00
S3,31.568659969709056,-102.755837786796,1.5343885211152184,2025-02-10 01:00:00
S4,31.567993292420987,-102.75893830444662,2.409320402078782,2025-02-10 01:00:00
S5,31.565780093202214,-102.75909087516396,1.758779981600017,2025-02-10 01:00:00
S6,31.565779972601682,-102.75908297745073,2.162522284353982,2025-02-10 01:00:00
S7,31.565290418060844,-102.75847878878521,1.811711076089411,2025-02-10 01:00:00
S8,31.569330880728874,-102.75737621784184,2.020068021177811,2025-02-10 01:00:00
S9,31.568005575058717,-102.75784027490678,2.0467102793432796,2025-02-10 01:00:00
S10,31.56854036288898,-102.758543854299,1.6848544555255272,2025-02-10 01:00:00
S1,31.56687270059424,-102.75989707752852,2.469584627764559,2025-02-10 01:30:00
S2,31.56975357153205,-102.75515045073918,2.2751328233611146,2025-02-10 01:30:00
S3,31.568659969709056,-102.755837786796,2.4394989415641892,2025-02-10 01:30:00
S4,31.567993292420987,-102.75893830444662,2.394827350427649,2025-02-10 01:30:00
S5,31.565780093202214,-102.75909087516396,2.097899978811085,2025-02-10 01:30:00
S6,31.565779972601682,-102.75908297745073,2.421874235023117,2025-02-10 01:30:00
S7,31.565290418060844,-102.75847878878521,1.5884925020519196,2025-02-10 01:30:00
S8,31.569330880728874,-102.75737621784184,1.6959828624191453,2025-02-10 01:30:00
S9,31.568005575058717,-102.75784027490678,1.545227288910538,2025-02-10 01:30:00
S10,31.56854036288898,-102.758543854299,1.8253303307632645,2025-02-10 01:30:00
S1,31.56687270059424,-102.75989707752852,1.8886772896894821,2025-02-10 02:00:00
S2,31.56975357153205,-102.75515045073918,1.7713490317738958,2025-02-10 02:00:00
S3,31.568659969709056,-102.755837786796,2.3287375091519293,2025-02-10 02:00:00
S4,31.567993292420987,-102.75893830444662,1.8567533266935894,2025-02-10 02:00:00
S5,31.565780093202214,-102.75909087516396,1.7809345096873808,2025-02-10 02:00:00
S6,31.565779972601682,-102.75908297745073,2.0426960831582486,2025-02-10 02:00:00
S7,31.565290418060844,-102.75847878878521,1.6409242249747626,2025-02-10 02:00:00
S8,31.569330880728874,-102.75737621784184,2.3021969807540397,2025-02-10 02:00:00
S9,31.568005575058717,-102.75784027490678,1.5745506436797707,2025-02-10 02:00:00
S10,31.56854036288898,-102.758543854299,2.4868869366005173,2025-02-10 02:00:00
S1,31.56687270059424,-102.75989707752852,2.272244769296657,2025-02-10 02:30:00
S2,31.56975357153205,-102.75515045073918,1.6987156815341724,2025-02-10 02:30:00
S3,31.568659969709056,-102.755837786796,1.5055221171236024,2025-02-10 02:30:00
S4,31.567993292420987,-102.75893830444662,2.3154614284548343,2025-02-10 02:30:00
S5,31.565780093202214,-102.75909087516396,2.2068573438476173,2025-02-10 02:30:00
S6,31.565779972601682,-102.75908297745073,2.2290071680409875,2025-02-10 02:30:00
S7,31.565290418060844,-102.75847878878521,2.2712703466859456,2025-02-10 02:30:00
S8,31.569330880728874,-102.75737621784184,1.5740446517340905,2025-02-10 02:30:00
S9,31.568005575058717,-102.75784027490678,1.8584657285442727,2025-02-10 02:30:00
S10,31.56854036288898,-102.758543854299,1.6158690595251297,2025-02-10 02:30:00
S1,31.56687270059424,-102.75989707752852,2.3631034258755936,2025-02-10 03:00:00
S2,31.56975357153205,-102.75515045073918,2.123298126827558,2025-02-10 03:00:00
S3,31.568659969709056,-102.755837786796,1.8308980248526492,2025-02-10 03:00:00
S4,31.567993292420987,-102.75893830444662,1.5635583502860237,2025-02-10 03:00:00
S5,31.565780093202214,-102.75909087516396,1.8109823217156622,2025-02-10 03:00:00
S6,31.565779972601682,-102.75908297745073,1.825183322026747,2025-02-10 03:00:00
S7,31.565290418060844,-102.75847878878521,2.229606178338064,2025-02-10 03:00:00
S8,31.569330880728874,-102.75737621784184,2.1375574713552132,2025-02-10 03:00:00
S9,31.568005575058717,-102.75784027490678,2.3872127425763265,2025-02-10 03:00:00
S10,31.56854036288898,-102.758543854299,1.9722149251619494,2025-02-10 03:00:00
S1,31.56687270059424,-102.75989707752852,1.6195942459383017,2025-02-10 03:30:00
S2,31.56975357153205,-102.75515045073918,2.213244787222995,2025-02-10 03:30:00
S3,31.568659969709056,-102.755837786796,2.2607850486168974,2025-02-10 03:30:00
S4,31.567993292420987,-102.75893830444662,2.0612771975694963,2025-02-10 03:30:00
S5,31.565780093202214,-102.75909087516396,2.270967179954561,2025-02-10 03:30:00
S6,31.565779972601682,-102.75908297745073,1.9937955963643907,2025-02-10 03:30:00
S7,31.565290418060844,-102.75847878878521,2.022732829381994,2025-02-10 03:30:00
S8,31.569330880728874,-102.75737621784184,1.9275410183585495,2025-02-10 03:30:00
S9,31.568005575058717,-102.75784027490678,1.525419126744095,2025-02-10 03:30:00
S10,31.56854036288898,-102.758543854299,1.6078914269933045,2025-02-10 03:30:00
S1,31.56687270059424,-102.75989707752852,1.5314291856867341,2025-02-10 04:00:00
S2,31.56975357153205,-102.75515045073918,2.1364104112637805,2025-02-10 04:00:00
S3,31.568659969709056,-102.755837786796,1.8143559810763268,2025-02-10 04:00:00
S4,31.567993292420987,-102.75893830444662,2.008570691164703,2025-02-10 04:00:00
S5,31.565780093202214,-102.75909087516396,2.407566473926093,2025-02-10 04:00:00
S6,31.565779972601682,-102.75908297745073,1.749292229148875,2025-02-10 04:00:00
S7,31.565290418060844,-102.75847878878521,1.9103829230356297,2025-02-10 04:00:00
S8,31.569330880728874,-102.75737621784184,2.2555511385430487,2025-02-10 04:00:00
S9,31.568005575058717,-102.75784027490678,1.7287981654916225,2025-02-10 04:00:00
S10,31.56854036288898,-102.758543854299,1.5769799098287929,2025-02-10 04:00:00
S1,31.56687270059424,-102.75989707752852,1.7897514529137681,2025-02-10 04:30:00
S2,31.56975357153205,-102.75515045073918,1.6612212872540044,2025-02-10 04:30:00
S3,31.568659969709056,-102.755837786796,2.429697652342573,2025-02-10 04:30:00
S4,31.567993292420987,-102.75893830444662,2.308120379564417,2025-02-10 04:30:00
S5,31.565780093202214,-102.75909087516396,2.1334037565104236,2025-02-10 04:30:00
S6,31.565779972601682,-102.75908297745073,2.3714605901877177,2025-02-10 04:30:00
S7,31.565290418060844,-102.75847878878521,2.3036720768991144,2025-02-10 04:30:00
S8,31.569330880728874,-102.75737621784184,1.6865700588860357,2025-02-10 04:30:00
S9,31.568005575058717,-102.75784027490678,2.392558998489978,2025-02-10 04:30:00
S10,31.56854036288898,-102.758543854299,2.0393422419156506,2025-02-10 04:30:00
S1,31.56687270059424,-102.75989707752852,2.3074401551640626,2025-02-10 05:00:00
S2,31.56975357153205,-102.75515045073918,2.3960912999234933,2025-02-10 05:00:00
S3,31.568659969709056,-102.755837786796,1.8180034749718639,2025-02-10 05:00:00
S4,31.567993292420987,-102.75893830444662,1.6100519245276768,2025-02-10 05:00:00
S5,31.565780093202214,-102.75909087516396,1.7279351625419417,2025-02-10 05:00:00
S6,31.565779972601682,-102.75908297745073,1.9271077886262562,2025-02-10 05:00:00
S7,31.565290418060844,-102.75847878878521,2.3180147659224932,2025-02-10 05:00:00
S8,31.569330880728874,-102.75737621784184,2.3607305832563434,2025-02-10 05:00:00
S9,31.568005575058717,-102.75784027490678,1.5069521305311908,2025-02-10 05:00:00
S10,31.56854036288898,-102.758543854299,2.010747302577566,2025-02-10 05:00:00
S1,31.56687270059424,-102.75989707752852,1.917411003148779,2025-02-10 05:30:00
S2,31.56975357153205,-102.75515045073918,1.7221078104707304,2025-02-10 05:30:00
S3,31.568659969709056,-102.755837786796,1.619865367333683,2025-02-10 05:30:00
S4,31.567993292420987,-102.75893830444662,1.837615171403628,2025-02-10 05:30:00
S5,31.565780093202214,-102.75909087516396,2.442909703912519,2025-02-10 05:30:00
S6,31.565779972601682,-102.75908297745073,1.8232029320207552,2025-02-10 05:30:00
S7,31.565290418060844,-102.75847878878521,2.018790621743366,2025-02-10 05:30:00
S8,31.569330880728874,-102.75737621784184,2.2030189588951776,2025-02-10 05:30:00
S9,31.568005575058717,-102.75784027490678,1.863629602379294,2025-02-10 05:30:00
S10,31.56854036288898,-102.758543854299,2.471782082720961,2025-02-10 05:30:00
S1,31.56687270059424,-102.75989707752852,2.4624472949421112,2025-02-10 06:00:00
S2,31.56975357153205,-102.75515045073918,1.7517822958253642,2025-02-10 06:00:00
S3,31.568659969709056,-102.755837786796,1.9972485058923855,2025-02-10 06:00:00
S4,31.567993292420987,-102.75893830444662,1.8008783098167696,2025-02-10 06:00:00
S5,31.565780093202214,-102.75909087516396,1.7848404943774676,2025-02-10 06:00:00
S6,31.565779972601682,-102.75908297745073,1.5368869473545328,2025-02-10 06:00:00
S7,31.565290418060844,-102.75847878878521,2.109564333979897,2025-02-10 06:00:00
S8,31.569330880728874,-102.75737621784184,2.0026790232288616,2025-02-10 06:00:00
S9,31.568005575058717,-102.75784027490678,1.5514787512499892,2025-02-10 06:00:00
S10,31.56854036288898,-102.758543854299,1.7786464642366115,2025-02-10 06:00:00
S1,31.56687270059424,-102.75989707752852,2.408265885966654,2025-02-10 06:30:00
S2,31.56975357153205,-102.75515045073918,1.7395618906669723,2025-02-10 06:30:00
S3,31.568659969709056,-102.755837786796,1.644894872091223,2025-02-10 06:30:00
S4,31.567993292420987,-102.75893830444662,1.9894527602775631,2025-02-10 06:30:00
S5,31.565780093202214,-102.75909087516396,2.485650454110601,2025-02-10 06:30:00
S6,31.565779972601682,-102.75908297745073,1.7420552715115005,2025-02-10 06:30:00
S7,31.565290418060844,-102.75847878878521,2.1721355474058788,2025-02-10 06:30:00
S8,31.569330880728874,-102.75737621784184,2.2616196153287174,2025-02-10 06:30:00
S9,31.568005575058717,-102.75784027490678,1.7376375439923997,2025-02-10 06:30:00
S10,31.56854036288898,-102.758543854299,2.2282163486118596,2025-02-10 06:30:00
S1,31.56687270059424,-102.75989707752852,1.8677831327192531,2025-02-10 07:00:00
S2,31.56975357153205,-102.75515045073918,2.1323058305935794,2025-02-10 07:00:00
S3,31.568659969709056,-102.755837786796,2.133529710760895,2025-02-10 07:00:00
S4,31.567993292420987,-102.75893830444662,2.0357746840747586,2025-02-10 07:00:00
S5,31.565780093202214,-102.75909087516396,1.5902897700544083,2025-02-10 07:00:00
S6,31.565779972601682,-102.75908297745073,2.335302495589238,2025-02-10 07:00:00
S7,31.565290418060844,-102.75847878878521,1.8207800649717358,2025-02-10 07:00:00
S8,31.569330880728874,-102.75737621784184,1.6865185103998543,2025-02-10 07:00:00
S9,31.568005575058717,-102.75784027490678,1.540775141554764,2025-02-10 07:00:00
S10,31.56854036288898,-102.758543854299,2.090892943188242,2025-02-10 07:00:00
S1,31.56687270059424,-102.75989707752852,2.1775643618422826,2025-02-10 07:30:00
S2,31.56975357153205,-102.75515045073918,1.516587828927856,2025-02-10 07:30:00
S3,31.568659969709056,-102.755837786796,2.012093058299281,2025-02-10 07:30:00
S4,31.567993292420987,-102.75893830444662,1.726495775197938,2025-02-10 07:30:00
S5,31.565780093202214,-102.75909087516396,2.14517279040945,2025-02-10 07:30:00
S6,31.565779972601682,-102.75908297745073,1.6743664290049916,2025-02-10 07:30:00
S7,31.565290418060844,-102.75847878878521,2.190937738102466,2025-02-10 07:30:00
S8,31.569330880728874,-102.75737621784184,1.8867353463005374,2025-02-10 07:30:00
S9,31.568005575058717,-102.75784027490678,2.4367299887367344,2025-02-10 07:30:00
S10,31.56854036288898,-102.758543854299,1.6375209441459933,2025-02-10 07:30:00
S1,31.56687270059424,-102.75989707752852,1.8410663510502585,2025-02-10 08:00:00
S2,31.56975357153205,-102.75515045073918,1.613473521240589,2025-02-10 08:00:00
S3,31.568659969709056,-102.755837786796,2.424693618278563,2025-02-10 08:00:00
S4,31.567993292420987,-102.75893830444662,2.377339353380981,2025-02-10 08:00:00
S5,31.565780093202214,-102.75909087516396,1.7579416277151556,2025-02-10 08:00:00
S6,31.565779972601682,-102.75908297745073,2.159984046034179,2025-02-10 08:00:00
S7,31.565290418060844,-102.75847878878521,2.3172222002012157,2025-02-10 08:00:00
S8,31.569330880728874,-102.75737621784184,2.0552008115994624,2025-02-10 08:00:00
S9,31.568005575058717,-102.75784027490678,2.0296505783560064,2025-02-10 08:00:00
S10,31.56854036288898,-102.758543854299,1.7418522909004517,2025-02-10 08:00:00
S1,31.56687270059424,-102.75989707752852,1.5931027678058993,2025-02-10 08:30:00
S2,31.56975357153205,-102.75515045073918,2.397215757953327,2025-02-10 08:30:00
S3,31.568659969709056,-102.755837786796,2.4004180571633302,2025-02-10 08:30:00
S4,31.567993292420987,-102.75893830444662,2.133101457273268,2025-02-10 08:30:00
S5,31.565780093202214,-102.75909087516396,1.8390297910487008,2025-02-10 08:30:00
S6,31.565779972601682,-102.75908297745073,1.849209574612661,2025-02-10 08:30:00
S7,31.565290418060844,-102.75847878878521,2.2259556788702395,2025-02-10 08:30:00
S8,31.569330880728874,-102.75737621784184,2.3971102599525773,2025-02-10 08:30:00
S9,31.568005575058717,-102.75784027490678,2.3870864242651173,2025-02-10 08:30:00
S10,31.56854036288898,-102.758543854299,2.2798755458576236,2025-02-10 08:30:00
S1,31.56687270059424,-102.75989707752852,2.1420316461542876,2025-02-10 09:00:00
S2,31.56975357153205,-102.75515045073918,1.5841399649950487,2025-02-10 09:00:00
S3,31.568659969709056,-102.755837786796,1.6616287140946138,2025-02-10 09:00:00
S4,31.567993292420987,-102.75893830444662,2.398554188527079,2025-02-10 09:00:00
S5,31.565780093202214,-102.75909087516396,2.10642905965959,2025-02-10 09:00:00
S6,31.565779972601682,-102.75908297745073,1.5091970516166295,2025-02-10 09:00:00
S7,31.565290418060844,-102.75847878878521,1.6014715428660322,2025-02-10 09:00:00
S8,31.569330880728874,-102.75737621784184,2.1635017691080556,2025-02-10 09:00:00
S9,31.568005575058717,-102.75784027490678,1.5050615838462187,2025-02-10 09:00:00
S10,31.56854036288898,-102.758543854299,1.6608080514174985,2025-02-10 09:00:00
S1,31.56687270059424,-102.75989707752852,2.0487337893665862,2025-02-10 09:30:00
S2,31.56975357153205,-102.75515045073918,2.191895197692693,2025-02-10 09:30:00
S3,31.568659969709056,-102.755837786796,2.1519612595026008,2025-02-10 09:30:00
S4,31.567993292420987,-102.75893830444662,1.72426930946056,2025-02-10 09:30:00
S5,31.565780093202214,-102.75909087516396,2.2121792213475358,2025-02-10 09:30:00
S6,31.565779972601682,-102.75908297745073,1.7372490874968,2025-02-10 09:30:00
S7,31.565290418060844,-102.75847878878521,1.8253996981592677,2025-02-10 09:30:00
S8,31.569330880728874,-102.75737621784184,2.2464914051180243,2025-02-10 09:30:00
S9,31.568005575058717,-102.75784027490678,2.149632899047215,2025-02-10 09:30:00
S10,31.56854036288898,-102.758543854299,2.349223410494178,2025-02-10 09:30:00
S1,31.56687270059424,-102.75989707752852,2.1576128923003433,2025-02-10 10:00:00
S2,31.56975357153205,-102.75515045073918,2.0683086033354714,2025-02-10 10:00:00
S3,31.568659969709056,-102.755837786796,1.5936747678280925,2025-02-10 10:00:00
S4,31.567993292420987,-102.75893830444662,1.8677158030594336,2025-02-10 10:00:00
S5,31.565780093202214,-102.75909087516396,1.7652023676817254,2025-02-10 10:00:00
S6,31.565779972601682,-102.75908297745073,1.7439896433790836,2025-02-10 10:00:00
S7,31.565290418060844,-102.75847878878521,2.4730105547524457,2025-02-10 10:00:00
S8,31.569330880728874,-102.75737621784184,1.8930977246667604,2025-02-10 10:00:00
S9,31.568005575058717,-102.75784027490678,2.3920465551771133,2025-02-10 10:00:00
S10,31.56854036288898,-102.758543854299,2.131138625997263,2025-02-10 10:00:00
S1,31.56687270059424,-102.75989707752852,2.2948113035416484,2025-02-10 10:30:00
S2,31.56975357153205,-102.75515045073918,2.002637093105192,2025-02-10 10:30:00
S3,31.568659969709056,-102.755837786796,2.076903884626359,2025-02-10 10:30:00
S4,31.567993292420987,-102.75893830444662,1.992517693818864,2025-02-10 10:30:00
S5,31.565780093202214,-102.75909087516396,1.6952429877980446,2025-02-10 10:30:00
S6,31.565779972601682,-102.75908297745073,2.2224521152615053,2025-02-10 10:30:00
S7,31.565290418060844,-102.75847878878521,1.7807723624408558,2025-02-10 10:30:00
S8,31.569330880728874,-102.75737621784184,1.5243159664314538,2025-02-10 10:30:00
S9,31.568005575058717,-102.75784027490678,2.145472295907168,2025-02-10 10:30:00
S10,31.56854036288898,-102.758543854299,1.677110679407049,2025-02-10 10:30:00
S1,31.56687270059424,-102.75989707752852,2.440458584352914,2025-02-10 11:00:00
S2,31.56975357153205,-102.75515045073918,2.4539285770025874,2025-02-10 11:00:00
S3,31.568659969709056,-102.755837786796,2.4148643902204485,2025-02-10 11:00:00
S4,31.567993292420987,-102.75893830444662,1.8701587002554443,2025-02-10 11:00:00
S5,31.565780093202214,-102.75909087516396,1.5154566165288674,2025-02-10 11:00:00
S6,31.565779972601682,-102.75908297745073,2.4283185625877253,2025-02-10 11:00:00
S7,31.565290418060844,-102.75847878878521,1.9281841483173143,2025-02-10 11:00:00
S8,31.569330880728874,-102.75737621784184,2.4666548190436695,2025-02-10 11:00:00
S9,31.568005575058717,-102.75784027490678,2.4636199770892526,2025-02-10 11:00:00
S10,31.56854036288898,-102.758543854299,2.35300945546736,2025-02-10 11:00:00
S1,31.56687270059424,-102.75989707752852,1.7944488920695858,2025-02-10 11:30:00
S2,31.56975357153205,-102.75515045073918,1.8850977286019253,2025-02-10 11:30:00
S3,31.568659969709056,-102.755837786796,2.3511366715168567,2025-02-10 11:30:00
S4,31.567993292420987,-102.75893830444662,1.8169220051562776,2025-02-10 11:30:00
S5,31.565780093202214,-102.75909087516396,1.6694927466860925,2025-02-10 11:30:00
S6,31.565779972601682,-102.75908297745073,2.0568012624583503,2025-02-10 11:30:00
S7,31.565290418060844,-102.75847878878521,2.436154774160781,2025-02-10 11:30:00
S8,31.569330880728874,-102.75737621784184,2.196029796674973,2025-02-10 11:30:00
S9,31.568005575058717,-102.75784027490678,2.0700611700893647,2025-02-10 11:30:00
S10,31.56854036288898,-102.758543854299,1.5971764937707684,2025-02-10 11:30:00
S1,31.56687270059424,-102.75989707752852,4.600088001855565,2025-02-10 12:00:00
S2,31.56975357153205,-102.75515045073918,3.4175784937821287,2025-02-10 12:00:00
S3,31.568659969709056,-102.755837786796,4.488525998559262,2025-02-10 12:00:00
S4,31.567993292420987,-102.75893830444662,4.2507418669759325,2025-02-10 12:00:00
S5,31.565780093202214,-102.75909087516396,3.2998789176164953,2025-02-10 12:00:00
S6,31.565779972601682,-102.75908297745073,4.5245312474972845,2025-02-10 12:00:00
S7,31.565290418060844,-102.75847878878521,4.736933147414811,2025-02-10 12:00:00
S8,31.569330880728874,-102.75737621784184,3.7636168408917374,2025-02-10 12:00:00
S9,31.568005575058717,-102.75784027490678,4.273241075133423,2025-02-10 12:00:00
S10,31.56854036288898,-102.758543854299,4.395655881411855,2025-02-10 12:00:00
S1,31.56687270059424,-102.75989707752852,3.89699807709487,2025-02-10 12:30:00
S2,31.56975357153205,-102.75515045073918,3.0165558624012476,2025-02-10 12:30:00
S3,31.568659969709056,-102.755837786796,3.1321935516912873,2025-02-10 12:30:00
S4,31.567993292420987,-102.75893830444662,3.7795649701938254,2025-02-10 12:30:00
S5,31.565780093202214,-102.75909087516396,3.6727911429818008,2025-02-10 12:30:00
S6,31.565779972601682,-102.75908297745073,2.586522533062871,2025-02-10 12:30:00
S7,31.565290418060844,-102.75847878878521,3.8628865227765523,2025-02-10 12:30:00
S8,31.569330880728874,-102.75737621784184,3.4104254027340914,2025-02-10 12:30:00
S9,31.568005575058717,-102.75784027490678,3.593725094343876,2025-02-10 12:30:00
S10,31.56854036288898,-102.758543854299,3.250911673309652,2025-02-10 12:30:00
S1,31.56687270059424,-102.75989707752852,3.34871366852083,2025-02-10 13:00:00
S2,31.56975357153205,-102.75515045073918,3.996779973857416,2025-02-10 13:00:00
S3,31.568659969709056,-102.755837786796,4.689869452916463,2025-02-10 13:00:00
S4,31.567993292420987,-102.75893830444662,3.5007350577130643,2025-02-10 13:00:00
S5,31.565780093202214,-102.75909087516396,3.7014345716618147,2025-02-10 13:00:00
S6,31.565779972601682,-102.75908297745073,3.056655992719035,2025-02-10 13:00:00
S7,31.565290418060844,-102.75847878878521,3.969323365432345,2025-02-10 13:00:00
S8,31.569330880728874,-102.75737621784184,4.379941429652753,2025-02-10 13:00:00
S9,31.568005575058717,-102.75784027490678,3.1688944245205386,2025-02-10 13:00:00
S10,31.56854036288898,-102.758543854299,3.0318013899179794,2025-02-10 13:00:00
S1,31.56687270059424,-102.75989707752852,4.121120548756214,2025-02-10 13:30:00
S2,31.56975357153205,-102.75515045073918,3.5800982221366455,2025-02-10 13:30:00
S3,31.568659969709056,-102.755837786796,4.561710655706847,2025-02-10 13:30:00
S4,31.567993292420987,-102.75893830444662,3.971935171862929,2025-02-10 13:30:00
S5,31.565780093202214,-102.75909087516396,3.2911965466795263,2025-02-10 13:30:00
S6,31.565779972601682,-102.75908297745073,3.9927418443478153,2025-02-10 13:30:00
S7,31.565290418060844,-102.75847878878521,2.68850244939013,2025-02-10 13:30:00
S8,31.569330880728874,-102.75737621784184,2.607095845500208,2025-02-10 13:30:00
S9,31.568005575058717,-102.75784027490678,4.410947373081043,2025-02-10 13:30:00
S10,31.56854036288898,-102.758543854299,3.1209250700638274,2025-02-10 13:30:00
S1,31.56687270059424,-102.75989707752852,3.7018235312876806,2025-02-10 14:00:00
S2,31.56975357153205,-102.75515045073918,3.323979343766975,2025-02-10 14:00:00
S3,31.568659969709056,-102.755837786796,3.822279881475698,2025-02-10 14:00:00
S4,31.567993292420987,-102.75893830444662,3.2030496655257106,2025-02-10 14:00:00
S5,31.565780093202214,-102.75909087516396,3.813402488197826,2025-02-10 14:00:00
S6,31.565779972601682,-102.75908297745073,4.287871020362571,2025-02-10 14:00:00
S7,31.565290418060844,-102.75847878878521,3.4030952722410897,2025-02-10 14:00:00
S8,31.569330880728874,-102.75737621784184,3.534197664709903,2025-02-10 14:00:00
S9,31.568005575058717,-102.75784027490678,3.405174682451817,2025-02-10 14:00:00
S10,31.56854036288898,-102.758543854299,4.303441508238776,2025-02-10 14:00:00
S1,31.56687270059424,-102.75989707752852,3.853102253870052,2025-02-10 14:30:00
S2,31.56975357153205,-102.75515045073918,3.776678074465419,2025-02-10 14:30:00
S3,31.568659969709056,-102.755837786796,4.020618765477686,2025-02-10 14:30:00
S4,31.567993292420987,-102.75893830444662,4.81921652675801,2025-02-10 14:30:00
S5,31.565780093202214,-102.75909087516396,2.7998330861020446,2025-02-10 14:30:00
S6,31.565779972601682,-102.75908297745073,2.628110739854751,2025-02-10 14:30:00
S7,31.565290418060844,-102.75847878878521,3.6189531208804637,2025-02-10 14:30:00
S8,31.569330880728874,-102.75737621784184,3.049652093900871,2025-02-10 14:30:00
S9,31.568005575058717,-102.75784027490678,3.3797832145731936,2025-02-10 14:30:00
S10,31.56854036288898,-102.758543854299,3.7372506447490355,2025-02-10 14:30:00
S1,31.56687270059424,-102.75989707752852,3.6632705756678825,2025-02-10 15:00:00
S2,31.56975357153205,-102.75515045073918,4.445150867070463,2025-02-10 15:00:00
S3,31.568659969709056,-102.755837786796,4.4402924393811585,2025-02-10 15:00:00
S4,31.567993292420987,-102.75893830444662,3.048193888240891,2025-02-10 15:00:00
S5,31.565780093202214,-102.75909087516396,4.4608668605417545,2025-02-10 15:00:00
S6,31.565779972601682,-102.75908297745073,4.1094316573678125,2025-02-10 15:00:00
S7,31.565290418060844,-102.75847878878521,4.036637526905778,2025-02-10 15:00:00
S8,31.569330880728874,-102.75737621784184,4.236939528658365,2025-02-10 15:00:00
S9,31.568005575058717,-102.75784027490678,4.001903792905539,2025-02-10 15:00:00
S10,31.56854036288898,-102.758543854299,4.382685378918521,2025-02-10 15:00:00
S1,31.56687270059424,-102.75989707752852,3.9569532288552827,2025-02-10 15:30:00
S2,31.56975357153205,-102.75515045073918,4.244938571609469,2025-02-10 15:30:00
S3,31.568659969709056,-102.755837786796,4.163334443774913,2025-02-10 15:30:00
S4,31.567993292420987,-102.75893830444662,2.9054581559546104,2025-02-10 15:30:00
S5,31.565780093202214,-102.75909087516396,3.5423119915984644,2025-02-10 15:30:00
S6,31.565779972601682,-102.75908297745073,4.244406588166623,2025-02-10 15:30:00
S7,31.565290418060844,-102.75847878878521,4.310763979122485,2025-02-10 15:30:00
S8,31.569330880728874,-102.75737621784184,3.8045054951372785,2025-02-10 15:30:00
S9,31.568005575058717,-102.75784027490678,3.286207589752938,2025-02-10 15:30:00
S10,31.56854036288898,-102.758543854299,4.301080250233559,2025-02-10 15:30:00
S1,31.56687270059424,-102.75989707752852,4.476006257917679,2025-02-10 16:00:00
S2,31.56975357153205,-102.75515045073918,3.332836560102563,2025-02-10 16:00:00
S3,31.568659969709056,-102.755837786796,3.3818520835022476,2025-02-10 16:00:00
S4,31.567993292420987,-102.75893830444662,4.273086775510826,2025-02-10 16:00:00
S5,31.565780093202214,-102.75909087516396,3.0265155371934873,2025-02-10 16:00:00
S6,31.565779972601682,-102.75908297745073,3.785257629629044,2025-02-10 16:00:00
S7,31.565290418060844,-102.75847878878521,3.2699020775004466,2025-02-10 16:00:00
S8,31.569330880728874,-102.75737621784184,3.6355605033036777,2025-02-10 16:00:00
S9,31.568005575058717,-102.75784027490678,3.805553095299728,2025-02-10 16:00:00
S10,31.56854036288898,-102.758543854299,3.328265398119346,2025-02-10 16:00:00
S1,31.56687270059424,-102.75989707752852,4.064797081836955,2025-02-10 16:30:00
S2,31.56975357153205,-102.75515045073918,3.4302340163564566,2025-02-10 16:30:00
S3,31.568659969709056,-102.755837786796,4.7336724333332905,2025-02-10 16:30:00
S4,31.567993292420987,-102.75893830444662,4.6160683417112836,2025-02-10 16:30:00
S5,31.565780093202214,-102.75909087516396,3.0015106605789192,2025-02-10 16:30:00
S6,31.565779972601682,-102.75908297745073,4.114753290531144,2025-02-10 16:30:00
S7,31.565290418060844,-102.75847878878521,4.28375358688908,2025-02-10 16:30:00
S8,31.569330880728874,-102.75737621784184,3.35013513874244,2025-02-10 16:30:00
S9,31.568005575058717,-102.75784027490678,3.2143446077586084,2025-02-10 16:30:00
S10,31.56854036288898,-102.758543854299,2.734530150083945,2025-02-10 16:30:00
S1,31.56687270059424,-102.75989707752852,3.5913416999512,2025-02-10 17:00:00
S2,31.56975357153205,-102.75515045073918,4.121098026911163,2025-02-10 17:00:00
S3,31.568659969709056,-102.755837786796,4.024478417760098,2025-02-10 17:00:00
S4,31.567993292420987,-102.75893830444662,4.088610778566051,2025-02-10 17:00:00
S5,31.565780093202214,-102.75909087516396,4.1684296476803695,2025-02-10 17:00:00
S6,31.565779972601682,-102.75908297745073,3.966972714751275,2025-02-10 17:00:00
S7,31.565290418060844,-102.75847878878521,3.8798745824976826,2025-02-10 17:00:00
S8,31.569330880728874,-102.75737621784184,4.51714830326525,2025-02-10 17:00:00
S9,31.568005575058717,-102.75784027490678,3.40457799133738,2025-02-10 17:00:00
S10,31.56854036288898,-102.758543854299,4.253949301874322,2025-02-10 17:00:00
S1,31.56687270059424,-102.75989707752852,4.173021671612188,2025-02-10 17:30:00
S2,31.56975357153205,-102.75515045073918,3.8958781848938684,2025-02-10 17:30:00
S3,31.568659969709056,-102.755837786796,4.436051327659584,2025-02-10 17:30:00
S4,31.567993292420987,-102.75893830444662,2.9668911647298035,2025-02-10 17:30:00
S5,31.565780093202214,-102.75909087516396,4.785807159912933,2025-02-10 17:30:00
S6,31.565779972601682,-102.75908297745073,3.8858556494880183,2025-02-10 17:30:00
S7,31.565290418060844,-102.75847878878521,3.0595629225667746,2025-02-10 17:30:00
S8,31.569330880728874,-102.75737621784184,3.4937267469790614,2025-02-10 17:30:00
S9,31.568005575058717,-102.75784027490678,3.2002580672983494,2025-02-10 17:30:00
S10,31.56854036288898,-102.758543854299,4.953710924385571,2025-02-10 17:30:00
S1,31.56687270059424,-102.75989707752852,4.002306263535926,2025-02-10 18:00:00
S2,31.56975357153205,-102.75515045073918,4.030220145846751,2025-02-10 18:00:00
S3,31.568659969709056,-102.755837786796,3.428656581571216,2025-02-10 18:00:00
S4,31.567993292420987,-102.75893830444662,4.644733048878596,2025-02-10 18:00:00
S5,31.565780093202214,-102.75909087516396,4.538379175874464,2025-02-10 18:00:00
S6,31.565779972601682,-102.75908297745073,3.7407797503717184,2025-02-10 18:00:00
S7,31.565290418060844,-102.75847878878521,4.731824317604626,2025-02-10 18:00:00
S8,31.569330880728874,-102.75737621784184,2.5847691318520676,2025-02-10 18:00:00
S9,31.568005575058717,-102.75784027490678,4.092293363050799,2025-02-10 18:00:00
S10,31.56854036288898,-102.758543854299,3.712901465970237,2025-02-10 18:00:00
S1,31.56687270059424,-102.75989707752852,3.6654670002986673,2025-02-10 18:30:00
S2,31.56975357153205,-102.75515045073918,4.733092782518167,2025-02-10 18:30:00
S3,31.568659969709056,-102.755837786796,4.041368444403593,2025-02-10 18:30:00
S4,31.567993292420987,-102.75893830444662,3.3249301102337245,2025-02-10 18:30:00
S5,31.565780093202214,-102.75909087516396,3.8534590610335067,2025-02-10 18:30:00
S6,31.565779972601682,-102.75908297745073,4.812477519059273,2025-02-10 18:30:00
S7,31.565290418060844,-102.75847878878521,4.329784395477846,2025-02-10 18:30:00
S8,31.569330880728874,-102.75737621784184,4.6861360100041525,2025-02-10 18:30:00
S9,31.568005575058717,-102.75784027490678,3.7206695432922077,2025-02-10 18:30:00
S10,31.56854036288898,-102.758543854299,3.144283258037336,2025-02-10 18:30:00
S1,31.56687270059424,-102.75989707752852,2.454051027258722,2025-02-10 19:00:00
S2,31.56975357153205,-102.75515045073918,2.10617463445088,2025-02-10 19:00:00
S3,31.568659969709056,-102.755837786796,1.7286428055034628,2025-02-10 19:00:00
S4,31.567993292420987,-102.75893830444662,2.171700684405857,2025-02-10 19:00:00
S5,31.565780093202214,-102.75909087516396,2.118128240457896,2025-02-10 19:00:00
S6,31.565779972601682,-102.75908297745073,1.8581627180328404,2025-02-10 19:00:00
S7,31.565290418060844,-102.75847878878521,1.613557592199629,2025-02-10 19:00:00
S8,31.569330880728874,-102.75737621784184,2.1715731955927997,2025-02-10 19:00:00
S9,31.568005575058717,-102.75784027490678,2.0203077009037935,2025-02-10 19:00:00
S10,31.56854036288898,-102.758543854299,2.2723183917356393,2025-02-10 19:00:00
S1,31.56687270059424,-102.75989707752852,2.0201635011119934,2025-02-10 19:30:00
S2,31.56975357153205,-102.75515045073918,2.3521815003185402,2025-02-10 19:30:00
S3,31.568659969709056,-102.755837786796,2.0519068387744857,2025-02-10 19:30:00
S4,31.567993292420987,-102.75893830444662,2.0609379715353864,2025-02-10 19:30:00
S5,31.565780093202214,-102.75909087516396,2.376653602658345,2025-02-10 19:30:00
S6,31.565779972601682,-102.75908297745073,1.903482866212397,2025-02-10 19:30:00
S7,31.565290418060844,-102.75847878878521,1.6340152284506408,2025-02-10 19:30:00
S8,31.569330880728874,-102.75737621784184,1.528782676313339,2025-02-10 19:30:00
S9,31.568005575058717,-102.75784027490678,2.255137255673619,2025-02-10 19:30:00
S10,31.56854036288898,-102.758543854299,2.120309551353465,2025-02-10 19:30:00
S1,31.56687270059424,-102.75989707752852,2.2040797680992235,2025-02-10 20:00:00
S2,31.56975357153205,-102.75515045073918,1.7129641615089106,2025-02-10 20:00:00
S3,31.568659969709056,-102.755837786796,1.6363714755867698,2025-02-10 20:00:00
S4,31.567993292420987,-102.75893830444662,1.514544665667882,2025-02-10 20:00:00
S5,31.565780093202214,-102.75909087516396,1.850587558806597,2025-02-10 20:00:00
S6,31.565779972601682,-102.75908297745073,2.089917686854633,2025-02-10 20:00:00
S7,31.565290418060844,-102.75847878878521,1.8922440450997322,2025-02-10 20:00:00
S8,31.569330880728874,-102.75737621784184,1.937474922023729,2025-02-10 20:00:00
S9,31.568005575058717,-102.75784027490678,2.4041586944937485,2025-02-10 20:00:00
S10,31.56854036288898,-102.758543854299,1.8482554670233005,2025-02-10 20:00:00
S1,31.56687270059424,-102.75989707752852,2.013989489159811,2025-02-10 20:30:00
S2,31.56975357153205,-102.75515045073918,2.283653012741143,2025-02-10 20:30:00
S3,31.568659969709056,-102.755837786796,1.8965427823212702,2025-02-10 20:30:00
S4,31.567993292420987,-102.75893830444662,2.1220867002278734,2025-02-10 20:30:00
S5,31.565780093202214,-102.75909087516396,2.362363708746745,2025-02-10 20:30:00
S6,31.565779972601682,-102.75908297745073,2.449520623657642,2025-02-10 20:30:00
S7,31.565290418060844,-102.75847878878521,1.647073480929038,2025-02-10 20:30:00
S8,31.569330880728874,-102.75737621784184,2.4265876251614946,2025-02-10 20:30:00
S9,31.568005575058717,-102.75784027490678,1.9921162930795382,2025-02-10 20:30:00
S10,31.56854036288898,-102.758543854299,1.7582443882989582,2025-02-10 20:30:00
S1,31.56687270059424,-102.75989707752852,1.9591357562382612,2025-02-10 21:00:00
S2,31.56975357153205,-102.75515045073918,2.480032575285477,2025-02-10 21:00:00
S3,31.568659969709056,-102.755837786796,1.9926180939928697,2025-02-10 21:00:00
S4,31.567993292420987,-102.75893830444662,1.828751610287508,2025-02-10 21:00:00
S5,31.565780093202214,-102.75909087516396,2.1334008543167258,2025-02-10 21:00:00
S6,31.565779972601682,-102.75908297745073,1.7401456187781932,2025-02-10 21:00:00
S7,31.565290418060844,-102.75847878878521,1.5758633281086638,2025-02-10 21:00:00
S8,31.569330880728874,-102.75737621784184,1.6288797219106492,2025-02-10 21:00:00
S9,31.568005575058717,-102.75784027490678,1.6280458389577723,2025-02-10 21:00:00
S10,31.56854036288898,-102.758543854299,1.6519026935122945,2025-02-10 21:00:00
S1,31.56687270059424,-102.75989707752852,1.6388271726494101,2025-02-10 21:30:00
S2,31.56975357153205,-102.75515045073918,2.140874744803215,2025-02-10 21:30:00
S3,31.568659969709056,-102.755837786796,1.6818800843991448,2025-02-10 21:30:00
S4,31.567993292420987,-102.75893830444662,1.8456672833238632,2025-02-10 21:30:00
S5,31.565780093202214,-102.75909087516396,2.3967884099060117,2025-02-10 21:30:00
S6,31.565779972601682,-102.75908297745073,1.9739616402628724,2025-02-10 21:30:00
S7,31.565290418060844,-102.75847878878521,2.167557738521027,2025-02-10 21:30:00
S8,31.569330880728874,-102.75737621784184,1.6723198712016298,2025-02-10 21:30:00
S9,31.568005575058717,-102.75784027490678,1.6922890188086708,2025-02-10 21:30:00
S10,31.56854036288898,-102.758543854299,1.5408686162664789,2025-02-10 21:30:00
S1,31.56687270059424,-102.75989707752852,1.6689350630721647,2025-02-10 22:00:00
S2,31.56975357153205,-102.75515045073918,1.7785903390319586,2025-02-10 22:00:00
S3,31.568659969709056,-102.755837786796,1.6770104842767468,2025-02-10 22:00:00
S4,31.567993292420987,-102.75893830444662,1.5887025337570555,2025-02-10 22:00:00
S5,31.565780093202214,-102.75909087516396,1.6206358711006008,2025-02-10 22:00:00
S6,31.565779972601682,-102.75908297745073,1.9607787680327258,2025-02-10 22:00:00
S7,31.565290418060844,-102.75847878878521,1.7063337184057925,2025-02-10 22:00:00
S8,31.569330880728874,-102.75737621784184,1.8642698610480755,2025-02-10 22:00:00
S9,31.568005575058717,-102.75784027490678,2.003417270854857,2025-02-10 22:00:00
S10,31.56854036288898,-102.758543854299,2.1903948286293655,2025-02-10 22:00:00
S1,31.56687270059424,-102.75989707752852,1.539312139841099,2025-02-10 22:30:00
S2,31.56975357153205,-102.75515045073918,2.2994103989090426,2025-02-10 22:30:00
S3,31.568659969709056,-102.755837786796,2.127900389490908,2025-02-10 22:30:00
S4,31.567993292420987,-102.75893830444662,1.581759031948872,2025-02-10 22:30:00
S5,31.565780093202214,-102.75909087516396,2.373578624106777,2025-02-10 22:30:00
S6,31.565779972601682,-102.75908297745073,2.420872400531813,2025-02-10 22:30:00
S7,31.565290418060844,-102.75847878878521,1.5610779598548636,2025-02-10 22:30:00
S8,31.569330880728874,-102.75737621784184,1.7768776481472037,2025-02-10 22:30:00
S9,31.568005575058717,-102.75784027490678,2.3062012797930613,2025-02-10 22:30:00
S10,31.56854036288898,-102.758543854299,2.2482596903836582,2025-02-10 22:30:00
S1,31.56687270059424,-102.75989707752852,1.6845210193563773,2025-02-10 23:00:00
S2,31.56975357153205,-102.75515045073918,1.7093493233367103,2025-02-10 23:00:00
S3,31.568659969709056,-102.755837786796,1.870472102791382,2025-02-10 23:00:00
S4,31.567993292420987,-102.75893830444662,1.9845229851910213,2025-02-10 23:00:00
S5,31.565780093202214,-102.75909087516396,2.118254771530296,2025-02-10 23:00:00
S6,31.565779972601682,-102.75908297745073,1.8689136395697723,2025-02-10 23:00:00
S7,31.565290418060844,-102.75847878878521,1.962534716133148,2025-02-10 23:00:00
S8,31.569330880728874,-102.75737621784184,2.2474709381337563,2025-02-10 23:00:00
S9,31.568005575058717,-102.75784027490678,1.536683202890598,2025-02-10 23:00:00
S10,31.56854036288898,-102.758543854299,1.7524369443440206,2025-02-10 23:00:00
S1,31.56687270059424,-102.75989707752852,2.2133495858845524,2025-02-10 23:30:00
S2,31.56975357153205,-102.75515045073918,2.3952068376871996,2025-02-10 23:30:00
S3,31.568659969709056,-102.755837786796,2.011677442115666,2025-02-10 23:30:00
S4,31.567993292420987,-102.75893830444662,2.0321134852653158,2025-02-10 23:30:00
S5,31.565780093202214,-102.75909087516396,1.607172011339776,2025-02-10 23:30:00
S6,31.565779972601682,-102.75908297745073,1.9474123668234546,2025-02-10 23:30:00
S7,31.565290418060844,-102.75847878878521,2.032617266455023,2025-02-10 23:30:00
S8,31.569330880728874,-102.75737621784184,1.7424705036347297,2025-02-10 23:30:00
S9,31.568005575058717,-102.75784027490678,1.7692432309493809,2025-02-10 23:30:00
S10,31.56854036288898,-102.758543854299,1.8772841631046226,2025-02-10 23:30:00
